id,area_full,area_trans,predicted
1-ACYLGLYCEROL-3-P-ACYLTRANSFER-MONOMER,15.869126179915245,8.594787183605984,0
2-OCTAPRENYLPHENOL-HYDROX-MONOMER,39.5760584,36.38432609743739,0
4OHBENZOATE-OCTAPRENYLTRANSFER-MONOMER,19.878267869201046,16.640143256292173,0
AAS-MONOMER,35.858470841085285,10.588523390625255,0
ABGT-MONOMER,29.848329239999998,27.79341856164341,0
AMPG-MONOMER,26.77434849428706,25.520918415394522,0
ANSP-MONOMER,23.60522390342617,20.344140494560964,0
ARAE-MONOMER,19.90647211804091,15.682979503405017,0
ARAJ-MONOMER,21.67413443,18.507043894064353,0
AROP-MONOMER,24.605645507040922,21.13500500795936,0
B0070-MONOMER,26.015914952614224,25.50904232777082,0
B0260-MONOMER,25.15421592059147,20.99941019383542,0
B0270-MONOMER,22.611907996647297,18.289139331380124,0
B0427-MONOMER,18.72051994044239,17.078889256545054,0
B0486-MONOMER,21.613011236417535,20.889653834092446,0
B0511-MONOMER,25.19803645775004,21.72497210121123,0
B0709-MONOMER,24.83718575540407,23.805032182014564,0
B0752-MONOMER,27.266828481285117,12.14104052891743,0
B0770-MONOMER,25.656455935011287,23.03540868608132,0
B1006-MONOMER,25.85420015,23.50409984101956,0
B1065-MONOMER,23.805777958876693,18.742708112337144,0
B1296-MONOMER,28.659071334922718,26.891115639311515,0
B1433-MONOMER,25.002037565461045,23.335008534092925,0
B1543-MONOMER,18.79352014713153,18.262930999011957,0
B1596-MONOMER,25.778612038866868,18.90123055946448,0
B1634-MONOMER,27.123102292929858,23.16438276569152,0
B1657-MONOMER,19.49266445881165,17.412351255409487,0
B1690-MONOMER,22.93476890928129,20.287807195475843,0
B1691-MONOMER,21.450021250349767,19.575068198267136,0
B1775-MONOMER,21.991608584137825,19.25371352576773,0
B1791-MONOMER,20.619474962327903,16.184010368045456,0
B1828-MONOMER,20.64607400308677,19.612170544203792,0
B2077-MONOMER,26.81498397993921,22.014023110329127,0
B2098-MONOMER,23.91568796502637,20.44779495413056,0
B2170-MONOMER,26.67906741239352,19.045356057503387,0
B2246-MONOMER,18.906154634433907,17.55205072,0
B2322-MONOMER,19.27706923371811,17.644247557370008,0
B2372-MONOMER,16.794471831875068,16.414589242057957,0
B2740-MONOMER,23.4057582041207,22.045673055083547,0
B2771-MONOMER,20.987494656797775,16.3969875414912,0
B2789-MONOMER,26.23616055300616,17.880282055581002,0
B2845-MONOMER,23.557100024783402,20.82731149118709,0
B2975-MONOMER,28.13367208282799,26.74124848556073,0
B3659-MONOMER,25.239765194525965,22.94592804132341,0
B4141-MONOMER,22.615628462647322,21.78974528975364,0
BAES-MONOMER,22.32984816011315,4.709791883450312,0
BASS-MONOMER,19.988537235570128,6.233484236705704,0
BCR-MONOMER,22.738625330174163,21.33167083800039,0
BETT-MONOMER,42.29872269893655,27.142445499999997,0
BRNQ-MONOMER,21.282818520887208,20.863141214270023,0
CADB-MONOMER,23.73682503,21.281917626705443,0
CDPDIGLYPYPHOSPHA-MONOMER,16.612720553561875,3.7171593035177932,0
CDPDIGLYSYN-MONOMER,16.01198966630753,15.76814575338327,0
CHAA-MONOMER,18.785958115266904,18.690443302586395,0
CHEB-MONOMER,21.907000289808657,19.37840645532409,0
CHER-MONOMER,30.04919347070031,26.91306735226142,0
CHEW-MONOMER,117.71791902405312,10.306408859081284,0
CMR-MONOMER,20.33434542826432,16.849844298420184,0
COBS-MONOMER,16.302453270405785,14.703660620472425,0
CODB-MONOMER,22.21206241876203,21.161165591202025,0
CYCA-MONOMER,24.87011424527689,22.659928203341583,0
CYNX-MONOMER,17.71483715182811,15.71656099694363,0
CYTOCHROME-B561-MONOMER,12.952430549999999,11.120254570787164,0
DCTA-MONOMER,25.062033215640845,23.99980802021435,0
DCUA-MONOMER,21.719440142091234,20.796319311296287,0
DCUB-MONOMER,27.305768260552135,21.80160774413121,0
DCUC-MONOMER,33.23359717473379,30.23628181086696,0
DCUS-MONOMER,15.639916072516769,0.10860807850000001,0
DINF-MONOMER,24.10890531467109,22.854641516939687,0
DLACTDEHYDROGFAD-MONOMER,74.53768527212621,2.5693361567181348,0
DMK-MONOMER,16.719199657751403,13.10183807972414,0
DSBBPROT-MONOMER,27.678605563918463,10.324830022519984,0
DSDX-MONOMER,27.065417708033728,26.46399343929218,0
EG10003-MONOMER,16.729579095911916,14.876668328025085,0
EG10015-MONOMER,88.20196406984054,39.72898839,0
EG10042-MONOMER,18.317378343488404,17.23088971184236,0
EG10106-MONOMER,8.820349213,7.367016286621831,0
EG10145-MONOMER,20.951049351826082,10.766970596135804,0
EG10167-MONOMER,29.920045524660317,27.385096402070122,0
EG10168-MONOMER,21.87519091529454,18.34241744247364,0
EG10169-MONOMER,16.02608071982913,15.043347702833453,0
EG10216-MONOMER,15.854626547111671,13.45596385981623,0
EG10229-MONOMER,54.306452623691364,46.16022626,0
EG10292-MONOMER,34.35180342,0.10904719117836084,0
EG10297-MONOMER,31.50095297,8.472915220160305,0
EG10339-MONOMER,35.13152613250328,10.015033153570393,0
EG10341-MONOMER,37.42298497867643,11.044740328518296,0
EG10344-MONOMER,27.676630774944307,23.279078839201638,0
EG10346-MONOMER,46.223733778174264,3.026156492673644,0
EG10397-MONOMER,11.668341057668183,11.52790659022012,0
EG10462-MONOMER,18.878402332182592,13.11703506029675,0
EG10529-MONOMER,102.30241080686865,81.77846909774541,0
EG10530-MONOMER,43.46950592403647,16.984543526299802,0
EG10548-MONOMER,10.37852170080085,9.773582418,0
EG10598-MONOMER,28.896473052375942,3.140221991177118,0
EG10606-MONOMER,42.67003783,6.8002421514960645,0
EG10607-MONOMER,23.11169152481776,20.301826917216648,0
EG10608-MONOMER,25.22229490138579,2.396960037216817,0
EG10609-MONOMER,94.80842864433913,80.20221308913429,0
EG10610-MONOMER,11.747456436489328,10.161924695320762,0
EG10657-MONOMER,40.88142465356565,36.23706286583221,0
EG10776-MONOMER,20.46821341506039,9.986288126,0
EG10778-MONOMER,13.649422937867312,6.931334218494608,0
EG10779-MONOMER,19.835564255757472,12.099635352505722,0
EG10956-MONOMER,48.959843238075045,22.792761052997307,0
EG11113-MONOMER,13.964122100538502,12.321501222144889,0
EG11122-MONOMER,14.48773455248375,12.966238390054846,0
EG11123-MONOMER,13.576491514904097,11.61707325145394,0
EG11145-MONOMER,46.43762130346747,18.532977435300644,0
EG11167-MONOMER,14.050403219475424,12.815229521056535,0
EG11186-MONOMER,10.756210846897494,7.192200049483732,0
EG11209-MONOMER,18.43194211486328,15.559016768777656,0
EG11215-MONOMER,13.046023620000001,11.153046332358095,0
EG11267-MONOMER,7.761482820625469,6.772408778,0
EG11290-MONOMER,19.744722730608824,18.51274351958836,0
EG11342-MONOMER,12.222199013113896,10.677325786571464,0
EG11345-MONOMER,15.222212839810897,0.31114184320995086,0
EG11350-MONOMER,25.957198119999997,0.3792639405941578,0
EG11353-MONOMER,20.080182417984744,3.6248823994423787,0
EG11361-MONOMER,55.10653180182226,3.6904920812982844,0
EG11371-MONOMER,14.789058862986597,5.819646887541267,0
EG11395-MONOMER,7.960249771157983,6.050009152448687,0
EG11400-MONOMER,16.032366250390783,10.498584079829858,0
EG11422-MONOMER,17.580102589481942,8.204332000897255,0
EG11424-MONOMER,27.5126188,20.428119375679007,0
EG11425-MONOMER,19.44560426,6.2180826548829025,0
EG11426-MONOMER,23.48265936041231,2.604516302767795,0
EG11464-MONOMER,9.950027448634964,6.293555821811229,0
EG11465-MONOMER,9.394412727910744,8.868082727473524,0
EG11466-MONOMER,17.211863515511194,15.586298272155178,0
EG11471-MONOMER,17.514979129905065,15.399100755430362,0
EG11494-MONOMER,28.921429924265194,2.518622911568837,0
EG11495-MONOMER,24.049228213279743,21.244181446516905,0
EG11499-MONOMER,21.704595335952583,19.05778040221663,0
EG11512-MONOMER,49.007813490753875,48.81095533,0
EG11522-MONOMER,9.923237859887818,9.710099956500324,0
EG11529-MONOMER,35.05556468031994,2.773633023770131,0
EG11536-MONOMER,26.617580892058168,22.176505547420685,0
EG11570-MONOMER,21.93525752181488,3.1018932461297375,0
EG11571-MONOMER,15.56207177571163,14.81424296327978,0
EG11613-MONOMER,28.81216676282646,15.91100306698785,0
EG11637-MONOMER,12.5194165,10.873912325209908,0
EG11639-MONOMER,17.981345828334803,17.194177956761738,0
EG11660-MONOMER,23.31209215107054,21.27500449730282,0
EG11665-MONOMER,32.20170185237981,31.14744306305995,0
EG11671-MONOMER,26.978083080242623,26.10809906297975,0
EG11674-MONOMER,14.658716621275556,11.641220180384328,0
EG11683-MONOMER,15.146636754884913,11.539321093720446,0
EG11688-MONOMER,20.01230920451848,18.948584894335024,0
EG11691-MONOMER,25.612113007168062,23.14872340790831,0
EG11695-MONOMER,11.132929513362104,9.783215390002312,0
EG11696-MONOMER,9.763303644251843,6.353914529480981,0
EG11697-MONOMER,14.50652893466561,12.729977529014192,0
EG11724-MONOMER,26.87013571095948,24.938040252826585,0
EG11726-MONOMER,13.81947075552712,10.685069011876823,0
EG11739-MONOMER,31.98078951639271,20.150998292430177,0
EG11764-MONOMER,16.846737519999998,7.377512611187865,0
EG11765-MONOMER,24.211356955212423,24.211356955212423,0
EG11793-MONOMER,11.158086385444173,9.507226061155032,0
EG11798-MONOMER,28.322057443554144,12.415151710593989,0
EG11806-MONOMER,19.63756155269573,2.0349796787324985,0
EG11824-MONOMER,16.02790009831435,16.02790009831435,0
EG11833-MONOMER,25.538888827997884,18.923547079809712,0
EG11851-MONOMER,24.610958022434826,23.965062876277145,0
EG11875-MONOMER,11.530082859447909,8.956415339125119,0
EG11886-MONOMER,39.371024682364244,28.325347371174384,0
EG11891-MONOMER,22.64444777835869,10.593327154056178,0
EG11895-MONOMER,18.92420194318704,17.734443179957342,0
EG11919-MONOMER,24.21139593696389,16.78272263480422,0
EG11938-MONOMER,28.653181059177765,4.056558534437316,0
EG11939-MONOMER,27.154919890000002,24.473431298838683,0
EG11948-MONOMER,26.892653290737872,21.34032207296086,0
EG11982-MONOMER,22.327549700714556,21.369466002050206,0
EG12004-MONOMER,12.949765366464966,5.854288152505408,0
EG12007-MONOMER,33.65366269408717,10.859514018443871,0
EG12016-MONOMER,12.356279625760546,11.010882625012606,0
EG12017-MONOMER,15.52595022437075,13.036426220000001,0
EG12027-MONOMER,20.244704842533746,18.32394279599722,0
EG12069-MONOMER,34.18347755209807,30.002668597599516,0
EG12134-MONOMER,19.050327840798143,16.023945356168785,0
EG12154-MONOMER,17.78406218034432,6.905594110688737,0
EG12166-MONOMER,18.022525121577406,10.180891798787771,0
EG12214-MONOMER,12.10110762,11.956781230228248,0
EG12217-MONOMER,13.700440272440103,10.80366947754943,0
EG12220-MONOMER,34.86540125629558,32.22349835146799,0
EG12224-MONOMER,20.37169731377688,2.152748557772572,0
EG12231-MONOMER,8.606050335623756,6.6565566525175655,0
EG12248-MONOMER,39.71779621,14.801269978660395,0
EG12251-MONOMER,19.525628517764652,8.19259642367811,0
EG12265-MONOMER,30.787211043289002,5.287109982655985,0
EG12267-MONOMER,28.895616151986477,15.444878943363134,0
EG12274-MONOMER,22.06612315906188,21.512291719999997,0
EG12290-MONOMER,20.28384998,9.077313242888852,0
EG12291-MONOMER,16.537544374530796,13.199363098688625,0
EG12297-MONOMER,35.36482757767115,1.074089052523084,0
EG12333-MONOMER,15.36797253,12.017154910577492,0
EG12341-MONOMER,28.96880157632117,15.926631535957238,0
EG12375-MONOMER,38.63826362413564,31.67761069568739,0
EG12376-MONOMER,21.467361809904222,20.386026774990853,0
EG12385-MONOMER,8.397398000237143,0.4530811138817811,0
EG12387-MONOMER,24.38374415775208,5.717513441218626,0
EG12434-MONOMER,60.88314965151849,50.65516949946695,0
EG12436-MONOMER,84.34001807481982,58.41436632290378,0
EG12445-MONOMER,13.787174244156276,12.860687076219573,0
EG12455-MONOMER,21.657046766472654,19.2653231475977,0
EG12691-MONOMER,19.10711303,1.6161888291152764,0
EG12707-MONOMER,12.446259474972303,7.28491599719951,0
EG12708-MONOMER,11.503327469696584,10.737975099747173,0
EG12709-MONOMER,34.15219574991068,31.230921660188663,0
EG12713-MONOMER,15.827414122974949,14.451597602648143,0
EG12843-MONOMER,15.289996260324992,12.222857370942604,0
EG12870-MONOMER,47.26716924898458,27.14465176326113,0
EG12880-MONOMER,26.925771757854186,14.75413765643509,0
ENTB-MONOMER,64.69878599028762,9.460528334000001,0
ENTD-MONOMER,17.650982058331095,0.00556514081,0
ENTF-MONOMER,77.14626204028244,11.124628679200772,0
EXUT-MONOMER,21.73337862573723,18.49715823755969,0
FEOB-MONOMER,54.59115235806934,0.07483191665,0
FOCB-MONOMER,17.78990336216253,14.33416424532406,0
FSR-MONOMER,16.486903847235535,14.853842102350352,0
FUCP-MONOMER,18.420684389999998,16.75504698619649,0
G6126-MONOMER,28.409988016955648,11.933713381223809,0
G6158-MONOMER,10.144259698989124,10.01322964177452,0
G6171-MONOMER,13.810957411305132,12.148014855838735,0
G6180-MONOMER,13.75565878861847,3.862861312641453,0
G6182-MONOMER,13.373840662764344,11.933523507813803,0
G6193-MONOMER,14.15364015733704,10.589955215360016,0
G6228-MONOMER,15.05065642903588,14.32600230301422,0
G6229-MONOMER,6.3351338066002745,5.971844801459173,0
G6252-MONOMER,38.65485158226773,6.405309563019818,0
G6253-MONOMER,11.34535249879537,7.510091975,0
G6255-MONOMER,152.94004420285228,115.84242882345968,0
G6264-MONOMER,10.303631261203964,5.588941182037594,0
G6265-MONOMER,58.63387823699209,3.095925850917425,0
G6267-MONOMER,17.247421670585013,15.515465288048535,0
G6345-MONOMER,37.71091745995941,10.93066194015645,0
G6356-MONOMER,60.98791546,19.97569765550144,0
G6384-MONOMER,20.617231841607524,19.87010170042648,0
G6396-MONOMER,94.21176333917673,78.22908624026418,0
G6403-MONOMER,12.269504662718717,10.89182097161688,0
G6404-MONOMER,18.08581332008962,17.65092451109813,0
G6405-MONOMER,20.687021795330665,18.21405050910429,0
G6407-MONOMER,19.98455831474988,2.5589207970000003,0
G6408-MONOMER,16.39692738176797,10.519372461735045,0
G6412-MONOMER,27.09390847570842,2.137907112205773,0
G6421-MONOMER,23.451232895084576,20.81858516036976,0
G6434-MONOMER,24.23204429748997,3.564829101284314,0
G6439-MONOMER,17.813070695292698,17.385172582318095,0
G6443-MONOMER,21.185463523958838,18.99454804718857,0
G6445-MONOMER,26.087720963275675,23.32331765971488,0
G6446-MONOMER,8.158836858295532,7.394954423769218,0
G6448-MONOMER,18.027037849105167,17.878990846231737,0
G6451-MONOMER,14.450262091163115,2.9780202788738963,0
G6454-MONOMER,30.13598694181261,16.013226460000002,0
G6458-MONOMER,17.41387839069117,15.613624514579385,0
G6464-MONOMER,19.264573231738243,1.7435838236471357,0
G6490-MONOMER,21.472646410869544,17.902399560875498,0
G6495-MONOMER,30.130059088138186,26.52441864913073,0
G6496-MONOMER,11.397834446186792,10.143493448489272,0
G6508-MONOMER,10.568055514228297,4.0060541994649554,0
G6513-MONOMER,17.500444515373548,16.2407143920884,0
G6532-MONOMER,26.763134138669983,11.852251122170586,0
G6536-MONOMER,19.24056641,16.694032270110178,0
G6542-MONOMER,13.438357159648772,11.315633299596708,0
G6554-MONOMER,9.835352015489478,9.581135826698036,0
G6561-MONOMER,27.60538075156165,25.225176739470225,0
G6572-MONOMER,27.45123990818693,22.217009473824515,0
G6578-MONOMER,20.527172437119578,15.054580248786017,0
G6579-MONOMER,14.495792195310496,7.950533127404551,0
G6608-MONOMER,32.698398579999996,8.887626541918591,0
G6630-MONOMER,8.950091446782206,8.056219735492965,0
G6636-MONOMER,38.56116725650022,12.520046942616329,0
G6637-MONOMER,15.16256281557305,8.703453161750858,0
G6674-MONOMER,80.12326925,19.24543590646228,0
G6703-MONOMER,56.753797437551135,9.208913208944871,0
G6727-MONOMER,14.604512145720108,13.32639005814288,0
G6728-MONOMER,22.424108018727935,21.136208912439123,0
G6730-MONOMER,22.92821564107154,19.66407054,0
G6758-MONOMER,14.867841020792357,14.816420536853188,0
G6807-MONOMER,19.17391592443429,12.017470439791836,0
G6808-MONOMER,17.182625565068307,10.04568242906461,0
G6840-MONOMER,8.311648391481455,7.755664153000001,0
G6863-MONOMER,9.816148499199672,9.539709034567615,0
G6870-MONOMER,11.696965862910305,10.013945310135616,0
G6871-MONOMER,15.72344631,15.582449418784254,0
G6874-MONOMER,19.039408337262927,17.786013471500237,0
G6875-MONOMER,13.271885677330847,3.7686519915993175,0
G6876-MONOMER,22.76636295027545,16.515871247198664,0
G6885-MONOMER,31.961068887203574,20.79128383262993,0
G6898-MONOMER,14.860139042221551,13.531748327596215,0
G6914-MONOMER,44.44328851547071,35.02893744988686,0
G6931-MONOMER,14.249920274202111,12.505979639193884,0
G6933-MONOMER,14.499334918163745,14.073187904310956,0
G6934-MONOMER,27.26616783770748,25.55071247986693,0
G6945-MONOMER,22.304627328565925,16.81790594254392,0
G6947-MONOMER,14.611557294649955,13.207938103878256,0
G6953-MONOMER,15.156763399376334,12.596008954206086,0
G6956-MONOMER,26.465350402754588,4.566779032,0
G6971-MONOMER,28.175012403481123,16.025173752200313,0
G6972-MONOMER,36.497085193066916,16.250412359856856,0
G6975-MONOMER,17.190631740526488,17.190631740526488,0
G6984-MONOMER,14.611553383071135,10.734094415208208,0
G6998-MONOMER,9.955784414578524,5.331459099757232,0
G6999-MONOMER,14.151152637446597,14.062614855124204,0
G7002-MONOMER,6.794903538283695,6.481802807749524,0
G7006-MONOMER,22.97794514115391,16.5727838978073,0
G7013-MONOMER,16.126067236289806,14.341077429927743,0
G7019-MONOMER,14.138580438624771,10.041382946288566,0
G7049-MONOMER,33.01828913961513,14.474110115172776,0
G7051-MONOMER,12.756306668790671,6.6016524683475355,0
G7062-MONOMER,13.639654462887467,12.730164153279953,0
G7081-MONOMER,36.222170750000004,27.44766689,0
G7097-MONOMER,29.168084951792444,27.10491943584183,0
G7098-MONOMER,30.41937707576723,26.18962929521961,0
G7101-MONOMER,24.344583868622454,22.099373167561662,0
G7108-MONOMER,44.70269868082414,17.615912795707242,0
G7138-MONOMER,17.256510034931907,15.652987808703148,0
G7146-MONOMER,19.569095850965372,15.272708881100018,0
G7148-MONOMER,34.616657720418445,9.616896959668457,0
G7167-MONOMER,23.547002479089766,14.52412129128581,0
G7170-MONOMER,23.88230246915808,21.35073278432965,0
G7173-MONOMER,18.82639816585907,13.967282461394348,0
G7186-MONOMER,30.86404163728232,20.91946913285021,0
G7189-MONOMER,11.465191588984663,4.442840449640171,0
G7190-MONOMER,29.43629118438969,28.215975249029903,0
G7219-MONOMER,7.735809777296722,7.489086861807038,0
G7220-MONOMER,21.711422602317015,11.383584305009727,0
G7243-MONOMER,29.119890783681523,12.42569512,0
G7251-MONOMER,27.33771185778769,27.074348772757762,0
G7258-MONOMER,17.80097197436927,2.145299806413075,0
G7268-MONOMER,8.867649751566809,7.645925257381931,0
G7282-MONOMER,25.491626259999997,22.83250408001586,0
G7310-MONOMER,30.19768242057696,24.79355996984382,0
G7337-MONOMER,11.77720046747008,10.991801333655962,0
G7347-MONOMER,15.430608822688209,5.476500319991455,0
G7355-MONOMER,15.400751013851092,13.096392042762512,0
G7356-MONOMER,22.321497105477984,12.782287546915184,0
G7357-MONOMER,14.64949456680204,12.14599868642438,0
G7371-MONOMER,32.99267765233644,17.789816714523727,0
G7377-MONOMER,25.75726874830004,14.097593056506653,0
G7399-MONOMER,12.137863589345836,10.626368870763988,0
G7407-MONOMER,10.509005486511649,9.072355458904216,0
G7432-MONOMER,33.36849392,12.26145173297055,0
G7451-MONOMER,27.151303277265978,1.7294138019101417,0
G7457-MONOMER,26.915402392866167,15.88578780517687,0
G7460-MONOMER,17.298892254777893,14.871986324287711,0
G7504-MONOMER,28.838943231242684,25.99539531309223,0
G7509-MONOMER,9.472708214405888,3.777820036493901,0
G7512-MONOMER,10.750517873032079,9.625519248807024,0
G7528-MONOMER,14.334245050512518,13.88189519522558,0
G7534-MONOMER,17.072324530946563,16.04713328896053,0
G7539-MONOMER,20.19045364738539,16.58196055556036,0
G7549-MONOMER,21.70260980960706,18.37403318360196,0
G7559-MONOMER,19.38246467688232,19.111659257649766,0
G7577-MONOMER,7.9136982479434606,6.275819725390388,0
G7588-MONOMER,12.51076438131511,10.208408428092127,0
G7589-MONOMER,121.70350424920714,8.831754377910988,0
G7595-MONOMER,25.57794596890325,7.857119123078763,0
G7607-MONOMER,20.734065873191433,15.046406063147915,0
G7608-MONOMER,13.419389141984736,10.989709646699236,0
G7609-MONOMER,14.684874082827614,12.613520979155593,0
G7612-MONOMER,20.643505939080278,8.102929859308109,0
G7613-MONOMER,19.466288304630474,5.666478531559612,0
G7615-MONOMER,9.786790152943302,9.510837301930172,0
G7617-MONOMER,8.686595067379642,8.256613365967146,0
G7618-MONOMER,7.174484529569136,6.957022214876199,0
G7645-MONOMER,20.14081769644848,19.692508188289494,0
G7655-MONOMER,29.929803167363502,15.788633046109965,0
G7667-MONOMER,15.595051347847935,1.3707615968339233,0
G7668-MONOMER,16.569716812015812,9.377549435828653,0
G7681-MONOMER,20.22450296917969,1.4657703426481052,0
G7718-MONOMER,21.71230947530142,3.606969308896036,0
G7721-MONOMER,28.97773347987988,22.70581923573423,0
G7729-MONOMER,25.364855650032545,23.6871623942373,0
G7741-MONOMER,9.310350717,1.948970344686853,0
G7745-MONOMER,32.07759412,26.574594245816524,0
G7753-MONOMER,11.543348523278562,10.94769491391265,0
G7825-MONOMER,12.253433718118366,11.656961438104261,0
G7832-MONOMER,20.916830169087124,10.661328303148343,0
G7839-MONOMER,6.105431939879816,5.1683551649213975,0
G7849-MONOMER,9.70209720628879,9.514454463444936,0
G7867-MONOMER,17.547853857834905,17.23071241127275,0
G7873-MONOMER,35.07525136840658,14.9892559,0
G7887-MONOMER,24.796695323391763,23.530850832765807,0
G7926-MONOMER,14.386841324310364,13.760626490640503,0
G7927-MONOMER,17.74031233220444,15.499032594761925,0
G7929-MONOMER,17.278600298920704,16.300893683753493,0
G7930-MONOMER,19.899460905600783,10.774179200643614,0
G7933-MONOMER,25.535282409499313,12.373004047201158,0
G7942-MONOMER,31.383476106984016,28.041230920698123,0
G7946-MONOMER,16.02243963353054,10.821556459527779,0
GABP-MONOMER,28.05041101077932,23.439051207934167,0
GALP-MONOMER,22.43562454,17.70129852962555,0
GLPT-MONOMER,22.692967319792505,17.324907417915885,0
GLTP-MONOMER,25.68328252556852,24.070255094317883,0
GLTS-MONOMER,23.204702271387042,21.938248927736105,0
GLVC-MONOMER,25.469644108068287,24.67285450367134,0
GLYCEROL-3-P-ACYLTRANSFER-MONOMER,54.06559284,20.365314933599542,0
GNTP-MONOMER,23.729418087485183,22.38669954086396,0
GNTT-MONOMER,22.71507282775471,21.881795969500203,0
GNTU-MONOMER,24.324747636136845,23.43760464270072,0
HCAT-MONOMER,20.921031523508592,19.453453898922533,0
HEMEOSYN-MONOMER,17.41973702810398,17.26345873944962,0
HRSA-MONOMER,47.699956411218565,34.00182423055502,0
HYDH-MONOMER,38.06608576322766,12.177951774784715,0
KDGT-MONOMER,20.873615810811867,18.120926396815147,0
KDOTRANS-MONOMER,24.81458165394466,10.402125666148494,0
KEFB-MONOMER,30.25635488623657,24.37818493000265,0
KGTP-MONOMER,19.09926334,17.40521768412326,0
KUP-MONOMER,29.904775155364383,27.031802456462096,0
L-LACTDEHYDROGFMN-MONOMER,27.88847926273086,2.511606928771641,0
LACY-MONOMER,19.88067884218464,18.125065125156194,0
LAUROYLACYLTRAN-MONOMER,20.329939575431325,8.717765008,0
LCTP-MONOMER,28.975582450533512,28.49502355080244,0
LYSP-MONOMER,21.883716092636828,20.43488136293404,0
MALX-MONOMER,34.761578506076816,27.21956255144903,0
MDLA-MONOMER,34.89889994472007,17.32106667,0
MDLB-MONOMER,34.63023735824109,16.477289410052197,0
MELB-MONOMER,30.25136829582485,20.45522468,0
MGTA-MONOMER,14.22004688,0.5629036355230287,0
MHPT-MONOMER,17.700543835925366,15.256459678938306,0
MONOMER0-1601,6.2490397280000005,3.1447893660578607,0
MONOMER0-1604,4.5430608352837485,2.878037846020553,0
MONOMER0-1922,6.050689046966806,4.2671143787146875,0
MONOMER0-2141,6.568423277680045,4.236012954897965,0
MONOMER0-2692,10.13639219865369,7.7664282408092085,0
MONOMER0-2841,7.666199032,3.837111481885101,0
MONOMER0-2874,2.7070895554216436,2.664531551,0
MONOMER0-2875,2.062605212246892,1.809980715717463,0
MONOMER0-2876,3.7568942809299175,3.365027337317376,0
MONOMER0-2879,2.7645053611641766,2.6239711542788857,0
MONOMER0-2880,5.485429483157322,5.039300560414869,0
MONOMER0-2881,4.934640185999999,3.3212550005433856,0
MONOMER0-761,3.7357737959999997,3.3359402982697413,0
MONOMER0-766,25.889663556897627,23.07325453805728,0
MTR-MONOMER,19.539222265068233,18.586151838375855,0
NADH-DHII-MONOMER,32.88288045855153,13.020700202867928,0
NANT-MONOMER,26.57404722307004,21.00005187316673,0
NARK-MONOMER,16.728508267281747,15.458385588033948,0
NARU-MONOMER,18.308190895080795,16.998621371296117,0
NHAB-MONOMER,27.876380271508296,23.830291001627685,0
NIRC-MONOMER,12.183934852833401,11.68336811411744,0
NUPC-MONOMER,24.73092867155558,23.64607303459009,0
NUPG-MONOMER,21.072453612421974,18.82746074,0
PANF-MONOMER,25.47412989819739,25.411470565382714,0
PD00436,11.071397928630729,0.46451070698922686,0
PD03831,23.732561794007005,23.17700338367068,0
PGLYCEROLTRANSI-MONOMER,47.690850700978736,26.735509685361404,0
PGPPHOSPHAA-MONOMER,11.26432354412651,9.962766438479996,0
PGPPHOSPHAB-MONOMER,12.473347851293536,11.110362036655415,0
PHEP-MONOMER,28.619958453705923,20.56683450415504,0
PHOSPHAGLYPSYN-MONOMER,14.043416954496243,10.3790741,0
PITA-MONOMER,23.58445347365892,21.140857565898944,0
PITB-MONOMER,24.266261488318005,21.092869802802134,0
PNUC-MONOMER,14.316160060147615,13.887208906147722,0
POTE-MONOMER,23.22181500172033,21.28598840665531,0
PROTEIN-CHEA,117.71791902405312,10.306408859081284,0
PROY-MONOMER,26.06060152042145,22.191824529999998,0
PSD-MONOMER,32.604833832405085,16.52361259007412,0
PUTP-MONOMER,25.793626398151922,23.928916567792207,0
RCSC-MONOMER,12.441050196555643,1.9154377274009329,0
RFBX-MONOMER,21.64971285,20.314339851006288,0
RHAT-MONOMER,18.990833772238226,14.490793600596936,0
RHTB-MONOMER,14.235803136882872,10.14004121508916,0
RPOH-MONOMER,51.947217418245394,36.99981154,0
RSTB-MONOMER,23.06915273633487,3.7914394308366304,0
SDAC-MONOMER,21.107052169838234,20.33861156341105,0
SHIA-MONOMER,18.236792439893115,17.23106284279665,0
TDCC-MONOMER,23.940786036306214,23.302043340941612,0
TEHA-MONOMER,18.550500759428775,15.76698615532252,0
TETRAACYLDISACC4KIN-MONOMER,22.79476228905339,6.979060398394585,0
TNAB-MONOMER,19.85729138,18.82444407018656,0
TRKA-MONOMER,24.863695061158317,7.452335654025502,0
TRKG-MONOMER,30.35862932965233,25.44327847018205,0
TRKH-MONOMER,29.652353779291644,26.050347500807064,0
TYRP-MONOMER,21.81469386190746,21.68632462410338,0
UHPB-MONOMER,37.82909364003546,22.217223934011272,0
UHPC-MONOMER,18.95225809932607,17.102962974336737,0
UHPT-MONOMER,22.594371922910746,19.978888589083684,0
UIDB-MONOMER,20.771172710000002,18.69056566315443,0
UUP-MONOMER,13.903227167138757,1.6073142022517792,0
XAPB-MONOMER,21.604939277954383,18.951165967507684,0
XASA-MONOMER,23.74906124888694,20.889784748755172,0
XYLE-MONOMER,18.88852067598503,16.7989741618281,0
YAAJ-MONOMER,21.620715649584824,21.258849578685545,0
YAAU-MONOMER,20.26227660096141,17.42007692260069,0
YBAL-MONOMER,24.13645035614563,2.863735499,0
YBBL-MONOMER,14.99376684437059,0.5189094411810115,0
YBDA-MONOMER,22.898051997012722,20.868522054055642,0
YCAD-MONOMER,19.96621603158172,18.89475630370257,0
YCAM,23.51073935316634,20.69114518779176,0
YCGO-MONOMER,27.73758847852362,23.97290535884848,0
YCHM-MONOMER,14.976016370749399,5.955014297099705,0
YDDA-MONOMER,41.50351040526129,26.009537484861312,0
YDEA-MONOMER,17.872704087730607,15.957213037171975,0
YDEF-MONOMER,18.816446071607487,17.02620182439195,0
YDHC-MONOMER,20.046240544444842,18.06669759072786,0
YDHE-MONOMER,22.94889278208042,21.94772370196155,0
YDJE-MONOMER,19.69583617062132,19.292201,0
YEAV-MONOMER,28.509317824057312,19.880724440142643,0
YEEF-MONOMER,26.88150562921695,23.58125600665135,0
YEEO-MONOMER,48.67448622425712,48.67448622425712,0
YEIJ-MONOMER,23.66432990043414,23.05329640569599,0
YEIM-MONOMER,23.761557717568643,23.243236000000003,0
YFEP-MONOMER,27.48310396281582,20.506683154902504,0
YGFO-MONOMER,22.116275256660547,21.84137222083244,0
YGFU-MONOMER,22.690479128708105,21.70623311393529,0
YGGA-MONOMER,15.28237148469021,13.040386172934326,0
YGJE-MONOMER,27.93943565653643,26.444780896605543,0
YGJI-MONOMER,25.07204936840518,20.90903561020247,0
YGJU-MONOMER,27.632764306246308,24.191868624159287,0
YHAO-MONOMER,26.296027746795907,21.14407394391821,0
YHCL-MONOMER,31.92231394,29.409081189673646,0
YHFC-MONOMER,18.24863994627141,16.20818508116757,0
YHFM-MONOMER,21.949068060266885,21.094367019859114,0
YHHJ-MONOMER,22.29298201549396,15.869642723431719,0
YHHO-MONOMER,6.8867683833653155,0.9527608904,0
YHHS-MONOMER,20.456193104492545,19.216797148551382,0
YHIH-MONOMER,38.00072562329762,11.312214812037233,0
YHIP-MONOMER,25.397298662257455,23.90570281551192,0
YHJE-MONOMER,19.799477170615287,18.16090043570641,0
YHJV-MONOMER,23.33432413816787,22.868028017291863,0
YHJX-MONOMER,18.04868806903825,14.93023506238523,0
YICE-MONOMER,27.519248282130434,22.61678389355297,0
YICJ-MONOMER,21.011949667290278,18.615297798662656,0
YICM-MONOMER,18.591830721841163,17.78132310888102,0
YIDK-MONOMER,30.712215552162064,30.15982446410413,0
YIDT-MONOMER,21.08659948920574,16.649193867465076,0
YIDY-MONOMER,18.024499176005808,17.935970647330727,0
YIEO-MONOMER,22.511328947935585,21.33738051,0
YIHN-MONOMER,22.941718058660268,19.70981053847256,0
YIHO-MONOMER,21.978027388828153,21.16303858458189,0
YIHP-MONOMER,21.64360522803137,20.65053722831352,0
YJCE-MONOMER,35.62613696560474,27.39518866,0
YJCH-MONOMER,6.030935650499656,3.8193045114624606,0
YJDL-MONOMER,32.347011045760475,28.204916854328925,0
YJEM-MONOMER,25.47942569387837,22.85457450075448,0
YJGT-MONOMER,23.65804481313954,20.105726209126036,0
YJHB-MONOMER,19.99428976,12.136505855253308,0
YJHF-MONOMER,22.69744917524414,21.960871177515973,0
YJIO-MONOMER,23.25311388,19.83150735386496,0
YJIZ-MONOMER,21.414763944109335,16.990088356360243,0
YRBG-MONOMER,18.64817402217846,18.122478921178683,0
EG10270-MONOMER,22.755752134801572,15.046585373078136,1
EG11826-MONOMER,35.34079030575795,23.368079215206134,1
EG11914-MONOMER,31.50618750927475,20.8325586133233,1
EG12049-MONOMER,31.75095224769346,20.994402243501703,1
EG12128-MONOMER,22.37455679096096,14.79453093642668,1
EMRD-MONOMER,26.034908622201904,17.2148331087306,1
G6102-MONOMER,13.880878669601426,9.178331031127588,1
G6260-MONOMER,37.878342976222115,25.04596279684475,1
